{
  "version": "CreditRisk_v2.1",
  "trained_at": "2026-04-26T03:02:21.992691+00:00",
  "train_size": 1920,
  "validation_size": 480,
  "cv_accuracy": 0.8667,
  "validation_accuracy": 0.85,
  "validation_log_loss": 0.3383,
  "model": {
    "feature_names": [
      "credit_score",
      "income",
      "debt_ratio",
      "loan_amount",
      "employment_yrs",
      "age"
    ],
    "means": [
      711.3868927083344,
      91563.81908072918,
      0.27707656250000057,
      17921.867820833348,
      8.613043749999994,
      42.17091197916662
    ],
    "stds": [
      58.799111643179025,
      19240.243840854644,
      0.08285339633362607,
      6223.98659007175,
      4.48373978859567,
      9.996177339627046
    ],
    "weights": [
      -0.8453817722002719,
      -0.24410699551109188,
      0.6282107262524103,
      0.23297342767209653,
      -0.2607889944064502,
      0.05937728407477985
    ],
    "bias": -2.143393357556332
  }
}