{
  "version": "CreditRisk_v2.2",
  "trained_at": "2026-04-26T02:58:07.776943+00:00",
  "train_size": 5200,
  "validation_size": 1300,
  "cv_accuracy": 0.7527,
  "validation_accuracy": 0.7769,
  "validation_log_loss": 0.4797,
  "model": {
    "feature_names": [
      "credit_score",
      "income",
      "debt_ratio",
      "loan_amount",
      "employment_yrs",
      "age"
    ],
    "means": [
      680.8420438461532,
      82430.44518461541,
      0.3294024999999997,
      21371.2230276923,
      7.765410384615379,
      40.865862500000034
    ],
    "stds": [
      62.85469000786655,
      22551.9845979553,
      0.09019974902691946,
      7017.66047906678,
      4.825258470164284,
      10.55212867994932
    ],
    "weights": [
      -0.9805127972392036,
      -0.41690245328887526,
      0.7131380235107526,
      0.3517620415715923,
      -0.17536568385624002,
      -0.09287152078304095
    ],
    "bias": -0.8632125059155712
  }
}